en_1,en_2,en_3,en_4,en_5,en_6,en_7,en_8
-30.0,48,-80.0,-40.0,32.200000000000266,-80.0,-20.0,64.00000000000034
-30.0,48,-80.0,-40.0,23.200000000000244,-80.0,-20.0,64.00000000000034
-30.0,48,-80.0,-40.0,34.60000000000027,-80.0,-20.0,64.00000000000034
-30.0,48,-80.0,-40.0,44.200000000000294,-80.0,-20.0,64.00000000000034
-30.0,48,-80.0,-40.0,44.200000000000294,-80.0,-20.0,64.00000000000034
