en_1,en_2,en_3,en_4,en_5,en_6,en_7,en_8
-80.0,50,-90.0,-50.0,-10.0,11.20000000000023,-20.0,-60.0
-80.0,50,-90.0,-50.0,-40.0,11.20000000000023,-20.0,-60.0
-80.0,50,-90.0,-50.0,15.400000000000228,11.20000000000023,-20.0,-60.0
-80.0,50,-90.0,-50.0,-40.0,11.20000000000023,-20.0,-60.0
-80.0,50,-90.0,-50.0,-30.0,11.20000000000023,-20.0,-60.0
