en_1,en_2,en_3,en_4,en_5,en_6,en_7,en_8
-40.0,74,-70.0,-30.0,54.40000000000032,-80.0,-20.0,-70.0
-40.0,74,-70.0,-30.0,40.600000000000286,-80.0,-20.0,-70.0
-40.0,74,-70.0,-30.0,40.000000000000284,-80.0,-20.0,-70.0
-40.0,74,-70.0,-30.0,53.200000000000315,-80.0,-20.0,-70.0
-40.0,74,-70.0,-30.0,47.2000000000003,-80.0,-20.0,-70.0
