en_1,en_2,en_3,en_4,en_5,en_6,en_7,en_8
-60.0,74,-70.0,-50.0,65.80000000000032,-20.0,-10.0,-70.0
-60.0,74,-70.0,-50.0,46.6000000000003,-20.0,-10.0,-70.0
-60.0,74,-70.0,-50.0,58.60000000000033,-20.0,-10.0,-70.0
-60.0,74,-70.0,-50.0,55.60000000000032,-20.0,-10.0,-70.0
-60.0,74,-70.0,-50.0,49.000000000000306,-20.0,-10.0,-70.0
