en_1,en_2,en_3,en_4,en_5,en_6,en_7,en_8
-10.0,4,-60.0,-10.0,87.40000000000012,-80.0,-90.0,-50.0
-10.0,4,-60.0,-10.0,61.000000000000334,-80.0,-90.0,-50.0
-10.0,4,-60.0,-10.0,88.60000000000011,-80.0,-90.0,-50.0
-10.0,4,-60.0,-10.0,53.80000000000032,-80.0,-90.0,-50.0
-10.0,4,-60.0,-10.0,89.8000000000001,-80.0,-90.0,-50.0
