en_1,en_2,en_3,en_4,en_5,en_6,en_7,en_8
-50.0,74,-70.0,-60.0,29.80000000000026,-10.0,12.40000000000023,-30.0
-50.0,74,-70.0,-60.0,11.80000000000023,-10.0,12.40000000000023,-30.0
-50.0,74,-70.0,-60.0,32.200000000000266,-10.0,12.40000000000023,-30.0
-50.0,74,-70.0,-60.0,35.20000000000027,-10.0,12.40000000000023,-30.0
-50.0,74,-70.0,-60.0,38.80000000000028,-10.0,12.40000000000023,-30.0
