en_1,en_2,en_3,en_4,en_5,en_6,en_7,en_8
-50.0,74,-70.0,-60.0,52.00000000000031,-10.0,12.40000000000023,-30.0
-50.0,74,-70.0,-60.0,41.20000000000029,-10.0,12.40000000000023,-30.0
-50.0,74,-70.0,-60.0,16.000000000000227,-10.0,12.40000000000023,-30.0
-50.0,74,-70.0,-60.0,8.800000000000232,-10.0,12.40000000000023,-30.0
-50.0,74,-70.0,-60.0,8.800000000000232,-10.0,12.40000000000023,-30.0
