en_1,en_2,en_3,en_4,en_5,en_6,en_7,en_8
-30.0,48,-80.0,-40.0,40.600000000000286,-80.0,-20.0,64.00000000000034
-30.0,48,-80.0,-40.0,40.600000000000286,-80.0,-20.0,64.00000000000034
-30.0,48,-80.0,-40.0,53.80000000000032,-80.0,-20.0,64.00000000000034
-30.0,48,-80.0,-40.0,56.20000000000032,-80.0,-20.0,64.00000000000034
-30.0,48,-80.0,-40.0,36.400000000000276,-80.0,-20.0,64.00000000000034
