en_1,en_2,en_3,en_4,en_5,en_6,en_7,en_8
-40.0,74,-70.0,-30.0,46.0000000000003,-80.0,-20.0,-50.0
-40.0,74,-70.0,-30.0,53.200000000000315,-80.0,-20.0,-50.0
-40.0,74,-70.0,-30.0,56.800000000000324,-80.0,-20.0,-50.0
-40.0,74,-70.0,-30.0,53.200000000000315,-80.0,-20.0,-50.0
-40.0,74,-70.0,-30.0,52.600000000000314,-80.0,-20.0,-50.0
