en_1,en_2,en_3,en_4,en_5,en_6,en_7,en_8
-10.0,2,-80.0,-50.0,59.20000000000033,-70.0,-70.0,-60.0
-10.0,2,-80.0,-50.0,59.80000000000033,-70.0,-70.0,-60.0
-10.0,2,-80.0,-50.0,58.60000000000033,-70.0,-70.0,-60.0
-10.0,2,-80.0,-50.0,56.20000000000032,-70.0,-70.0,-60.0
-10.0,2,-80.0,-50.0,43.00000000000029,-70.0,-70.0,-60.0
