en_1,en_2,en_3,en_4,en_5,en_6,en_7,en_8
-10.0,2,-80.0,-50.0,67.00000000000031,-70.0,-70.0,-60.0
-10.0,2,-80.0,-50.0,53.200000000000315,-70.0,-70.0,-60.0
-10.0,2,-80.0,-50.0,67.00000000000031,-70.0,-70.0,-60.0
-10.0,2,-80.0,-50.0,75.40000000000023,-70.0,-70.0,-60.0
-10.0,2,-80.0,-50.0,67.6000000000003,-70.0,-70.0,-60.0
