en_1,en_2,en_3,en_4,en_5,en_6,en_7,en_8
-50.0,74,-50.0,-20.0,47.2000000000003,-80.0,-20.0,45.4000000000003
-50.0,74,-50.0,-20.0,60.40000000000033,-80.0,-20.0,45.4000000000003
-50.0,74,-50.0,-20.0,51.40000000000031,-80.0,-20.0,45.4000000000003
-50.0,74,-50.0,-20.0,47.2000000000003,-80.0,-20.0,45.4000000000003
-50.0,74,-50.0,-20.0,54.40000000000032,-80.0,-20.0,45.4000000000003
