en_1,en_2,en_3,en_4,en_5,en_6,en_7,en_8
-20.0,76,-40.0,-30.0,51.40000000000031,-80.0,-60.0,-70.0
-20.0,76,-40.0,-30.0,50.80000000000031,-80.0,-60.0,-70.0
-20.0,76,-40.0,-30.0,49.000000000000306,-80.0,-60.0,-70.0
-20.0,76,-40.0,-30.0,49.000000000000306,-80.0,-60.0,-70.0
-20.0,76,-40.0,-30.0,46.6000000000003,-80.0,-60.0,-70.0
