en_1,en_2,en_3,en_4,en_5,en_6,en_7,en_8
-10.0,4,-60.0,-10.0,53.80000000000032,-80.0,-90.0,-50.0
-10.0,4,-60.0,-10.0,67.00000000000031,-80.0,-90.0,-50.0
-10.0,4,-60.0,-10.0,34.60000000000027,-80.0,-90.0,-50.0
-10.0,4,-60.0,-10.0,36.400000000000276,-80.0,-90.0,-50.0
-10.0,4,-60.0,-10.0,62.20000000000034,-80.0,-90.0,-50.0
