en_1,en_2,en_3,en_4,en_5,en_6,en_7,en_8
-60.0,74,-70.0,-50.0,39.40000000000028,-20.0,-10.0,-70.0
-60.0,74,-70.0,-50.0,42.40000000000029,-20.0,-10.0,-70.0
-60.0,74,-70.0,-50.0,13.60000000000025,-20.0,-10.0,-70.0
-60.0,74,-70.0,-50.0,53.80000000000032,-20.0,-10.0,-70.0
-60.0,74,-70.0,-50.0,47.8000000000003,-20.0,-10.0,-70.0
