en_1,en_2,en_3,en_4,en_5,en_6,en_7,en_8
-40.0,74,-70.0,-30.0,52.00000000000031,-80.0,-20.0,-70.0
-40.0,74,-70.0,-30.0,55.60000000000032,-80.0,-20.0,-70.0
-40.0,74,-70.0,-30.0,46.0000000000003,-80.0,-20.0,-70.0
-40.0,74,-70.0,-30.0,54.40000000000032,-80.0,-20.0,-70.0
-40.0,74,-70.0,-30.0,59.80000000000033,-80.0,-20.0,-70.0
