en_1,en_2,en_3,en_4,en_5,en_6,en_7,en_8
-60.0,78,-70.0,-20.0,44.800000000000296,-40.0,-20.0,47.2000000000003
-60.0,78,-70.0,-20.0,26.800000000000253,-40.0,-20.0,47.2000000000003
-60.0,78,-70.0,-20.0,44.800000000000296,-40.0,-20.0,47.2000000000003
-60.0,78,-70.0,-20.0,35.20000000000027,-40.0,-20.0,47.2000000000003
-60.0,78,-70.0,-20.0,52.00000000000031,-40.0,-20.0,47.2000000000003
