en_1,en_2,en_3,en_4,en_5,en_6,en_7,en_8
-50.0,74,-70.0,-20.0,35.20000000000027,-80.0,-10.0,25.60000000000025
-50.0,74,-70.0,-20.0,41.80000000000029,-80.0,-10.0,25.60000000000025
-50.0,74,-70.0,-20.0,34.00000000000027,-80.0,-10.0,25.60000000000025
-50.0,74,-70.0,-20.0,44.200000000000294,-80.0,-10.0,25.60000000000025
-50.0,74,-70.0,-20.0,40.600000000000286,-80.0,-10.0,25.60000000000025
