en_1,en_2,en_3,en_4,en_5,en_6,en_7,en_8
-60.0,74,-70.0,-70.0,37.60000000000028,-20.0,-10.0,-30.0
-60.0,74,-70.0,-70.0,28.600000000000257,-20.0,-10.0,-30.0
-60.0,74,-70.0,-70.0,41.80000000000029,-20.0,-10.0,-30.0
-60.0,74,-70.0,-70.0,31.600000000000264,-20.0,-10.0,-30.0
-60.0,74,-70.0,-70.0,17.80000000000023,-20.0,-10.0,-30.0
