en_1,en_2,en_3,en_4,en_5,en_6,en_7,en_8
-40.0,74,-70.0,-40.0,54.40000000000032,-70.0,-40.0,-80.0
-40.0,74,-70.0,-40.0,56.20000000000032,-70.0,-40.0,-80.0
-40.0,74,-70.0,-40.0,62.20000000000034,-70.0,-40.0,-80.0
-40.0,74,-70.0,-40.0,61.600000000000335,-70.0,-40.0,-80.0
-40.0,74,-70.0,-40.0,62.80000000000034,-70.0,-40.0,-80.0
