en_1,en_2,en_3,en_4,en_5,en_6,en_7,en_8
-70.0,68,-90.0,-30.0,49.000000000000306,-20.0,-10.0,-30.0
-70.0,68,-90.0,-30.0,47.8000000000003,-20.0,-10.0,-30.0
-70.0,68,-90.0,-30.0,38.20000000000028,-20.0,-10.0,-30.0
-70.0,68,-90.0,-30.0,49.000000000000306,-20.0,-10.0,-30.0
-70.0,68,-90.0,-30.0,49.000000000000306,-20.0,-10.0,-30.0
