en_1,en_2,en_3,en_4,en_5,en_6,en_7,en_8
-80.0,30,-90.0,-60.0,59.20000000000033,-10.0,-40.0,-70.0
-80.0,30,-90.0,-60.0,55.00000000000032,-10.0,-40.0,-70.0
-80.0,30,-90.0,-60.0,59.20000000000033,-10.0,-40.0,-70.0
-80.0,30,-90.0,-60.0,65.20000000000033,-10.0,-40.0,-70.0
-80.0,30,-90.0,-60.0,62.20000000000034,-10.0,-40.0,-70.0
