en_1,en_2,en_3,en_4,en_5,en_6,en_7,en_8
40,42,-60.0,8.800000000000232,-22.19999999999977,-90.0,-30.0,-20.0
40,42,-60.0,8.800000000000232,-44.19999999999977,-90.0,-30.0,-20.0
40,42,-60.0,8.800000000000232,-20.0,-90.0,-30.0,-20.0
40,42,-60.0,8.800000000000232,-10.0,-90.0,-30.0,-20.0
40,42,-60.0,8.800000000000232,-10.0,-90.0,-30.0,-20.0
