en_1,en_2,en_3,en_4,en_5,en_6,en_7,en_8
-50.0,74,-90.0,-20.0,44.200000000000294,-80.0,70.00000000000028,44.800000000000296
-50.0,74,-90.0,-20.0,50.80000000000031,-80.0,70.00000000000028,44.800000000000296
-50.0,74,-90.0,-20.0,48.400000000000304,-80.0,70.00000000000028,44.800000000000296
-50.0,74,-90.0,-20.0,50.20000000000031,-80.0,70.00000000000028,44.800000000000296
-50.0,74,-90.0,-20.0,41.20000000000029,-80.0,70.00000000000028,44.800000000000296
