en_1,en_2,en_3,en_4,en_5,en_6,en_7,en_8
4,74,-70.0,-40.0,49.000000000000306,-50.0,-60.0,29.20000000000026
4,74,-70.0,-40.0,27.400000000000254,-50.0,-60.0,29.20000000000026
4,74,-70.0,-40.0,47.2000000000003,-50.0,-60.0,29.20000000000026
4,74,-70.0,-40.0,59.20000000000033,-50.0,-60.0,29.20000000000026
4,74,-70.0,-40.0,32.200000000000266,-50.0,-60.0,29.20000000000026
