en_1,en_2,en_3,en_4,en_5,en_6,en_7,en_8
-40.0,74,-70.0,-30.0,50.80000000000031,-80.0,-20.0,-30.0
-40.0,74,-70.0,-30.0,55.60000000000032,-80.0,-20.0,-30.0
-40.0,74,-70.0,-30.0,61.000000000000334,-80.0,-20.0,-30.0
-40.0,74,-70.0,-30.0,47.2000000000003,-80.0,-20.0,-30.0
-40.0,74,-70.0,-30.0,47.2000000000003,-80.0,-20.0,-30.0
